{
  "name": "Wago-PLC-Python-Dev",
  "dockerComposeFile": "docker-compose.yml",
  "service": "pythonapp",
  "shutdownAction": "stopCompose",
  "workspaceFolder": "/workspace",
  // Use 'settings' to set *default* container specific settings.json values on container create.
  // You can edit these settings after create using File > Preferences > Settings > Remote.
  "settings": {
    "terminal.integrated.shell.linux": "/bin/bash",
    "python.pythonPath": "/usr/local/bin/python",
    "python.linting.enabled": true,
    "python.linting.pylintEnabled": true,
    "python.linting.pylintPath": "/usr/local/bin/pylint"
  },
  // Use 'appPort' to create a container with published ports. If the port isn't working, be sure
  // your server accepts connections from all interfaces (0.0.0.0 or '*'), not just localhost.
  // "appPort": [ 9000 ],
  // Install flask and any other dependencies
  "postCreateCommand": "sudo pip install -r requirements.txt",
  // Comment out next line to run as root
  //"remoteUser": "vscode",
  // Add the IDs of extensions you want installed when the container is created in the array below.
  "extensions": [
    "ms-python.python",
    "njpwerner.autodocstring",
    "streetsidesoftware.code-spell-checker",
    "formulahendry.vscode-mysql",
    "oderwat.indent-rainbow"
  ]
}